key1,key2,score
S,C,0.1
C,S,0.1
T,C,-0.5
C,T,-0.5
T,S,1.5
S,T,1.5
P,C,-3.1
C,P,-3.1
P,S,0.4
S,P,0.4
P,T,0.1
T,P,0.1
A,C,0.5
C,A,0.5
A,S,1.1
S,A,1.1
A,T,0.6
T,A,0.6
A,P,0.3
P,A,0.3
G,C,-2.0
C,G,-2.0
G,S,0.4
S,G,0.4
G,T,-1.1
T,G,-1.1
G,P,-1.6
P,G,-1.6
G,A,0.5
A,G,0.5
N,C,-1.8
C,N,-1.8
N,S,0.9
S,N,0.9
N,T,0.5
T,N,0.5
N,P,-0.9
P,N,-0.9
N,A,-0.3
A,N,-0.3
N,G,0.4
G,N,0.4
D,C,-3.2
C,D,-3.2
D,S,0.5
S,D,0.5
D,T,0.0
T,D,0.0
D,P,-0.7
P,D,-0.7
D,A,-0.3
A,D,-0.3
D,G,0.1
G,D,0.1
D,N,2.2
N,D,2.2
E,C,-3.0
C,E,-3.0
E,S,0.2
S,E,0.2
E,T,-0.1
T,E,-0.1
E,P,-0.5
P,E,-0.5
E,A,0.0
A,E,0.0
E,G,-0.8
G,E,-0.8
E,N,0.9
N,E,0.9
E,D,2.7
D,E,2.7
Q,C,-2.4
C,Q,-2.4
Q,S,0.2
S,Q,0.2
Q,T,0.0
T,Q,0.0
Q,P,-0.2
P,Q,-0.2
Q,A,-0.2
A,Q,-0.2
Q,G,-1.0
G,Q,-1.0
Q,N,0.7
N,Q,0.7
Q,D,0.9
D,Q,0.9
Q,E,1.7
E,Q,1.7
H,C,-1.3
C,H,-1.3
H,S,-0.2
S,H,-0.2
H,T,-0.3
T,H,-0.3
H,P,-1.1
P,H,-1.1
H,A,-0.8
A,H,-0.8
H,G,-1.4
G,H,-1.4
H,N,1.2
N,H,1.2
H,D,0.4
D,H,0.4
H,E,0.4
E,H,0.4
H,Q,1.2
Q,H,1.2
R,C,-2.2
C,R,-2.2
R,S,-0.2
S,R,-0.2
R,T,-0.2
T,R,-0.2
R,P,-0.9
P,R,-0.9
R,A,-0.6
A,R,-0.6
R,G,-1.0
G,R,-1.0
R,N,0.3
N,R,0.3
R,D,-0.3
D,R,-0.3
R,E,0.4
E,R,0.4
R,Q,1.5
Q,R,1.5
R,H,0.6
H,R,0.6
K,C,-2.8
C,K,-2.8
K,S,0.1
S,K,0.1
K,T,0.1
T,K,0.1
K,P,-0.6
P,K,-0.6
K,A,-0.4
A,K,-0.4
K,G,-1.1
G,K,-1.1
K,N,0.8
N,K,0.8
K,D,0.5
D,K,0.5
K,E,1.2
E,K,1.2
K,Q,1.5
Q,K,1.5
K,H,0.6
H,K,0.6
K,R,2.7
R,K,2.7
M,C,-0.9
C,M,-0.9
M,S,-1.4
S,M,-1.4
M,T,-0.6
T,M,-0.6
M,P,-2.4
P,M,-2.4
M,A,-0.7
A,M,-0.7
M,G,-3.5
G,M,-3.5
M,N,-2.2
N,M,-2.2
M,D,-3.0
D,M,-3.0
M,E,-2.0
E,M,-2.0
M,Q,-1.0
Q,M,-1.0
M,H,-1.3
H,M,-1.3
M,R,-1.7
R,M,-1.7
M,K,-1.4
K,M,-1.4
I,C,-1.1
C,I,-1.1
I,S,-1.8
S,I,-1.8
I,T,-0.6
T,I,-0.6
I,P,-2.6
P,I,-2.6
I,A,-0.8
A,I,-0.8
I,G,-4.5
G,I,-4.5
I,N,-2.8
N,I,-2.8
I,D,-3.8
D,I,-3.8
I,E,-2.7
E,I,-2.7
I,Q,-1.9
Q,I,-1.9
I,H,-2.2
H,I,-2.2
I,R,-2.4
R,I,-2.4
I,K,-2.1
K,I,-2.1
I,M,2.5
M,I,2.5
L,C,-1.5
C,L,-1.5
L,S,-2.1
S,L,-2.1
L,T,-1.3
T,L,-1.3
L,P,-2.3
P,L,-2.3
L,A,-1.2
A,L,-1.2
L,G,-4.4
G,L,-4.4
L,N,-3.0
N,L,-3.0
L,D,-4.0
D,L,-4.0
L,E,-2.8
E,L,-2.8
L,Q,-1.6
Q,L,-1.6
L,H,-1.9
H,L,-1.9
L,R,-2.2
R,L,-2.2
L,K,-2.1
K,L,-2.1
L,M,2.8
M,L,2.8
L,I,2.8
I,L,2.8
V,C,0.0
C,V,0.0
V,S,-1.0
S,V,-1.0
V,T,0.0
T,V,0.0
V,P,-1.8
P,V,-1.8
V,A,0.1
A,V,0.1
V,G,-3.3
G,V,-3.3
V,N,-2.2
N,V,-2.2
V,D,-2.9
D,V,-2.9
V,E,-1.9
E,V,-1.9
V,Q,-1.5
Q,V,-1.5
V,H,-2.0
H,V,-2.0
V,R,-2.0
R,V,-2.0
V,K,-1.7
K,V,-1.7
V,M,1.6
M,V,1.6
V,I,3.1
I,V,3.1
V,L,1.8
L,V,1.8
F,C,-0.8
C,F,-0.8
F,S,-2.8
S,F,-2.8
F,T,-2.2
T,F,-2.2
F,P,-3.8
P,F,-3.8
F,A,-2.3
A,F,-2.3
F,G,-5.2
G,F,-5.2
F,N,-3.1
N,F,-3.1
F,D,-4.5
D,F,-4.5
F,E,-3.9
E,F,-3.9
F,Q,-2.6
Q,F,-2.6
F,H,-0.1
H,F,-0.1
F,R,-3.2
R,F,-3.2
F,K,-3.3
K,F,-3.3
F,M,1.6
M,F,1.6
F,I,1.0
I,F,1.0
F,L,2.0
L,F,2.0
F,V,0.1
V,F,0.1
Y,C,-0.5
C,Y,-0.5
Y,S,-1.9
S,Y,-1.9
Y,T,-1.9
T,Y,-1.9
Y,P,-3.1
P,Y,-3.1
Y,A,-2.2
A,Y,-2.2
Y,G,-4.0
G,Y,-4.0
Y,N,-1.4
N,Y,-1.4
Y,D,-2.8
D,Y,-2.8
Y,E,-2.7
E,Y,-2.7
Y,Q,-1.7
Q,Y,-1.7
Y,H,2.2
H,Y,2.2
Y,R,-1.8
R,Y,-1.8
Y,K,-2.1
K,Y,-2.1
Y,M,-0.2
M,Y,-0.2
Y,I,-0.7
I,Y,-0.7
Y,L,0.0
L,Y,0.0
Y,V,-1.1
V,Y,-1.1
Y,F,5.1
F,Y,5.1
W,C,-1.0
C,W,-1.0
W,S,-3.3
S,W,-3.3
W,T,-3.5
T,W,-3.5
W,P,-5.0
P,W,-5.0
W,A,-3.6
A,W,-3.6
W,G,-4.0
G,W,-4.0
W,N,-3.6
N,W,-3.6
W,D,-5.2
D,W,-5.2
W,E,-4.3
E,W,-4.3
W,Q,-2.7
Q,W,-2.7
W,H,-0.8
H,W,-0.8
W,R,-1.6
R,W,-1.6
W,K,-3.5
K,W,-3.5
W,M,-1.0
M,W,-1.0
W,I,-1.8
I,W,-1.8
W,L,-0.7
L,W,-0.7
W,V,-2.6
V,W,-2.6
W,F,3.6
F,W,3.6
W,Y,4.1
Y,W,4.1
