old, new, f
A, A, 0
A, C, 1
A, D, 6
A, E, 10
A, F, 1
A, G, 21
A, H, 1
A, I, 2
A, K, 2
A, L, 3
A, M, 1
A, N, 4
A, P, 13
A, Q, 3
A, R, 1
A, S, 28
A, T, 22
A, V, 13
A, W, 0
A, Y, 1
C, A, 3
C, C, 0
C, D, 0
C, E, 0
C, F, 0
C, G, 1
C, H, 1
C, I, 2
C, K, 0
C, L, 0
C, M, 0
C, N, 0
C, P, 1
C, Q, 0
C, R, 1
C, S, 11
C, T, 1
C, V, 3
C, W, 0
C, Y, 3
D, A, 10
D, C, 0
D, D, 0
D, E, 56
D, F, 0
D, G, 11
D, H, 3
D, I, 1
D, K, 6
D, L, 0
D, M, 0
D, N, 36
D, P, 1
D, Q, 5
D, R, 0
D, S, 7
D, T, 4
D, V, 1
D, W, 0
D, Y, 0
E, A, 17
E, C, 0
E, D, 53
E, E, 0
E, F, 0
E, G, 7
E, H, 1
E, I, 2
E, K, 7
E, L, 1
E, M, 0
E, N, 6
E, P, 3
E, Q, 27
E, R, 0
E, S, 6
E, T, 2
E, V, 2
E, W, 0
E, Y, 1
F, A, 2
F, C, 0
F, D, 0
F, E, 0
F, F, 0
F, G, 1
F, H, 2
F, I, 7
F, K, 0
F, L, 13
F, M, 1
F, N, 1
F, P, 1
F, Q, 0
F, R, 1
F, S, 3
F, T, 1
F, V, 1
F, W, 1
F, Y, 21
G, A, 21
G, C, 0
G, D, 6
G, E, 4
G, F, 1
G, G, 0
G, H, 0
G, I, 0
G, K, 2
G, L, 1
G, M, 0
G, N, 6
G, P, 2
G, Q, 1
G, R, 0
G, S, 16
G, T, 2
G, V, 3
G, W, 0
G, Y, 0
H, A, 2
H, C, 1
H, D, 4
H, E, 2
H, F, 2
H, G, 1
H, H, 0
H, I, 0
H, K, 2
H, L, 4
H, M, 0
H, N, 21
H, P, 5
H, Q, 23
H, R, 10
H, S, 2
H, T, 1
H, V, 3
H, W, 0
H, Y, 4
I, A, 6
I, C, 1
I, D, 1
I, E, 3
I, F, 8
I, G, 0
I, H, 0
I, I, 0
I, K, 4
I, L, 22
I, M, 5
I, N, 3
I, P, 1
I, Q, 1
I, R, 3
I, S, 2
I, T, 11
I, V, 57
I, W, 0
I, Y, 1
K, A, 2
K, C, 0
K, D, 3
K, E, 4
K, F, 0
K, G, 2
K, H, 1
K, I, 2
K, K, 0
K, L, 2
K, M, 4
K, N, 13
K, P, 2
K, Q, 6
K, R, 19
K, S, 7
K, T, 8
K, V, 1
K, W, 0
K, Y, 0
L, A, 4
L, C, 0
L, D, 0
L, E, 1
L, F, 6
L, G, 1
L, H, 1
L, I, 9
L, K, 1
L, L, 0
L, M, 8
L, N, 1
L, P, 2
L, Q, 3
L, R, 1
L, S, 1
L, T, 2
L, V, 11
L, W, 0
L, Y, 1
M, A, 6
M, C, 0
M, D, 0
M, E, 1
M, F, 4
M, G, 1
M, H, 0
M, I, 12
M, K, 20
M, L, 45
M, M, 0
M, N, 0
M, P, 1
M, Q, 4
M, R, 4
M, S, 4
M, T, 6
M, V, 17
M, W, 0
M, Y, 0
N, A, 9
N, C, 0
N, D, 42
N, E, 7
N, F, 1
N, G, 12
N, H, 18
N, I, 3
N, K, 25
N, L, 3
N, M, 0
N, N, 0
N, P, 2
N, Q, 4
N, R, 1
N, S, 34
N, T, 13
N, V, 1
N, W, 0
N, Y, 3
P, A, 22
P, C, 1
P, D, 1
P, E, 3
P, F, 0
P, G, 3
P, H, 3
P, I, 0
P, K, 3
P, L, 3
P, M, 0
P, N, 2
P, P, 0
P, Q, 6
P, R, 4
P, S, 17
P, T, 5
P, V, 3
P, W, 0
P, Y, 0
Q, A, 8
Q, C, 0
Q, D, 6
Q, E, 35
Q, F, 0
Q, G, 3
Q, H, 20
Q, I, 1
Q, K, 12
Q, L, 6
Q, M, 2
Q, N, 4
Q, P, 8
Q, Q, 0
Q, R, 10
Q, S, 4
Q, T, 3
Q, V, 2
Q, W, 0
Q, Y, 0
R, A, 2
R, C, 1
R, D, 0
R, E, 0
R, F, 1
R, G, 1
R, H, 2
R, I, 2
R, K, 37
R, L, 1
R, M, 1
R, N, 1
R, P, 5
R, Q, 9
R, R, 0
R, S, 11
R, T, 2
R, V, 2
R, W, 2
R, Y, 0
S, A, 35
S, C, 5
S, D, 5
S, E, 4
S, F, 2
S, G, 21
S, H, 1
S, I, 1
S, K, 8
S, L, 1
S, M, 1
S, N, 20
S, P, 12
S, Q, 2
S, R, 6
S, S, 0
S, T, 32
S, V, 2
S, W, 1
S, Y, 1
T, A, 32
T, C, 1
T, D, 3
T, E, 2
T, F, 1
T, G, 3
T, H, 1
T, I, 7
T, K, 11
T, L, 3
T, M, 2
T, N, 9
T, P, 4
T, Q, 2
T, R, 1
T, S, 38
T, T, 0
T, V, 10
T, W, 0
T, Y, 1
V, A, 18
V, C, 2
V, D, 1
V, E, 2
V, F, 0
V, G, 5
V, H, 1
V, I, 33
V, K, 1
V, L, 15
V, M, 4
V, N, 1
V, P, 2
V, Q, 1
V, R, 1
V, S, 2
V, T, 9
V, V, 0
V, W, 0
V, Y, 1
W, A, 0
W, C, 0
W, D, 0
W, E, 0
W, F, 3
W, G, 0
W, H, 1
W, I, 0
W, K, 0
W, L, 4
W, M, 0
W, N, 1
W, P, 0
W, Q, 0
W, R, 8
W, S, 5
W, T, 0
W, V, 0
W, W, 0
W, Y, 2
Y, A, 2
Y, C, 3
Y, D, 0
Y, E, 1
Y, F, 28
Y, G, 0
Y, H, 4
Y, I, 1
Y, K, 1
Y, L, 2
Y, M, 0
Y, N, 4
Y, P, 0
Y, Q, 0
Y, R, 0
Y, S, 2
Y, T, 2
Y, V, 2
Y, W, 1
Y, Y, 0
